INSERT INTO roles (idroles,nombre) VALUES
(1, 'Administrador'),
(2, 'Coordinador Interno'),
(3, 'Encuestador');

INSERT INTO categoria (idcategoria,nombre) VALUES
(101, 'cat1'),
(102, 'cat2'),
(103, 'cat3'),
(104, 'cat4');

INSERT INTO zona (idzona,nombre) VALUES
(1, 'NORTE'),
(2, 'SUR'),
(3, 'ESTE'),
(4, 'OESTE');

INSERT INTO distritos (iddistritos,nombre,idzona) VALUES
(1, 'Ancon', 1),
(2, 'Comas', 1),
(3, 'Los Olivos', 1),
(4, 'SJM', 2),
(5, 'VMT', 2),
(6, 'Lurin', 2),
(7, 'Ate', 3),
(8, 'SJL', 3),
(9, 'La Molina', 3),
(10, 'Rimac', 4),
(11, 'Breña', 4),
(12, 'Lince', 4);

INSERT INTO usuario (idusuario,nombres,apellidos,contraseña,DNI,correo,direccion,estado,idroles,idzona,iddistritos,fecha_incorporacion,foto,cod_enc) VALUES
-- admins
(1, 'Ana María', 'García Cornejo', SHA2('AnaSecure#1', 256), '12345678', 'ana.garcia@unmujeres.org', NULL, 1, 1, 1, NULL, '2023-07-24', NULL, NULL),
(2, 'Lucía Yreva', 'Martínez Díaz', SHA2('AdminUN2025!', 256), '34567890', 'lucia.martinez@unmujeres.org', NULL, 1, 1, 2, NULL, '2023-09-05', NULL, NULL),
-- cordis
(3, 'Pedro Pablo', 'López García', SHA2('C0ordipdr', 256), '09876543', 'pedro.lopez@unmujeres.org', NULL, 1, 2, 1, 1, '2024-09-12', NULL, NULL),
(4, 'Luisa Fernanda', 'Torres Méndez', SHA2('Lt0rres2024', 256), '23456789', 'luisa.torres@unmujeres.org', NULL, 1, 2, 3, NULL, '2024-01-10', NULL, NULL),
(5, 'Roberto Carlos', 'Silva Castro', SHA2('Pv3ga2@UN', 256), '34567891', 'roberto.silva@unmujeres.org', NULL, 0, 2, 2, 5, '2024-03-15', NULL, NULL),
(6, 'Frank', 'Vega Leiva', SHA2('Fqv3g4q', 256), 99001122, 'frank.vega@unmujeres.org', NULL, 1, 2, 3, 7, '2025-04-01', NULL, NULL),
-- encuestadores
(7, 'Juan Carlos', 'Pérez López', SHA2('JuanP*2025', 256), '87654321', 'juan.perez@unmujeres.org', 'Av. Principal 123', 1, 3, 1, 1, '2024-01-15', NULL, 'ENC-001'),
(8, 'María Elena', 'Gómez Sánchez', SHA2('ABrDFW255', 256), '15935746', 'maria.gomez@unmujeres.org', 'Av. Primavera 456', 1, 3, 1, 2, '2024-03-10', NULL, 'ENC-002'),
(9, 'Carlos Alberto', 'Rodríguez Vargas', SHA2('CARV*enc!', 256), '321456987', 'carlos.rodriguez@unmujeres.org', 'Calle Los Olivos 789', 1, 3, 2, 5, '2024-05-20', NULL, 'ENC-003'),
(10, 'Rosa', 'Díaz Condezo', SHA2('R0s4D1az!', 256), '56789012', 'rosa.diaz@unmujeres.org', 'Jr. San Martín 159', 0, 3, 2, 8, '2024-11-25', NULL, 'ENC-004'),
(11, 'Jose Roberto', 'Perez Caceres', SHA2('jOrO*0', 256), '123654789', 'jose.perez@unmujeres.org', 'Calle Lima 357', 1, 3, 3, 9, '2024-08-03', NULL, 'ENC-005');

INSERT INTO formulario (idformulario,nombre,fecha_creacion,fecha_limite,estado,registros_esperados,idcategoria) VALUES
(1, 'Formulario 1', '2025-01-15', '2025-03-15', 1, 40, 101),
(2, 'Formulario 2', '2025-01-20', '2025-03-20', 1, 50, 102),
(3, 'Formulario 3', '2025-03-10', '2025-04-10', 0, 200, 101),
(4, 'Formulario 4', '2025-04-05', '2025-05-05', 1, 100, 103),
(5, 'Formulario 5', '2025-05-01', '2025-07-01', 1, 50, 102);

INSERT INTO enc_has_formulario (idenc_has_formulario,enc_idusuario,idformulario,codigo,fecha_asignacion) VALUES
-- encuestador 7 con 3 formularios asignados
(1, 7, 1, '75318469', '2025-01-20'),
(2, 7, 2, '15864923', '2025-01-30'),
(3, 7, 4, '45983125', '2025-05-09'),
-- encuestador 8 con 2 formularios asignados
(4, 8, 2, '56789135', '2025-01-30'),
(5, 8, 3, '48593167', '2025-03-10'),
-- encuestador 9 con 2 formulario asignado
(6, 9, 1, '78631597', '2025-05-01'),
(7, 9, 4, '59357891', '2025-05-10'),
-- encuestador 10 con 2 formulario asignado
(8, 10, 3, '45932183', '2025-03-11'),
(9, 10, 5, '45641238', '2025-05-05'),
-- encuestador 11 con 1 formulario asignado
(10, 11, 5, '95637815', '2025-05-02');

INSERT INTO registro_respuestas (idregistro_respuestas, fecha_registro, estado, idenc_has_formulario) VALUES
-- encuestador 7 con 2 registros por formulario asignado
(1, '2025-01-23', 'B', 1),
(2, '2025-01-24', 'B', 1),

(3, '2025-02-07', 'C', 2),
(4, '2025-02-08', 'C', 2),

(5, '2025-05-15', 'C', 3),
(6, '2025-05-17', 'B', 3),
-- encuestador 8 con 2 registros por formulario asignado
(7, '2025-02-03', 'C', 4),
(8, '2025-02-06', 'B', 4),

(9, '2025-03-17', 'B', 5),
(10, '2025-03-20', 'C', 5),
-- encuestador 9 con 1 registro por formulario asignado
(11, '2025-05-14', 'C', 6),
(12, '2025-05-14', 'C', 7),
-- encuestador 10 con 1 registro por formulario asignado
(13, '2025-05-17', 'B', 9),
(14, '2025-03-12', 'C', 8),
-- encuestador 11 con 3 registros por formulario asignado
(15, '2025-05-07', 'C', 10),
(16, '2025-05-08', 'C', 10),
(17, '2025-05-09', 'B', 10);

INSERT INTO seccion (idseccion, nombre_sec,idformulario) VALUES
-- form 1 con 4 secciones
(1, 'seccion A', 1),
(2, 'seccion B', 1),
(3, 'seccion C', 1),
(4, 'seccion D', 1),
-- forms con 3 secciones
(5, 'seccion A', 2),
(6, 'seccion B', 2),
(7, 'seccion C', 2),
(8, 'seccion A', 3),
(9, 'seccion B', 3),
(10, 'seccion C', 3),
(11, 'seccion A', 4),
(12, 'seccion B', 4),
(13, 'seccion C', 4),
-- form 5 con 2 secciones
(14, 'seccion A', 5),
(15, 'seccion B', 5);

INSERT INTO pregunta (idpregunta, enunciado, tipo_dato, idseccion) VALUES
-- form 1
(1, 'pregunta1_1', DEFAULT, 1),
(2, 'pregunta2_1', 'date', 1),
(3, 'pregunta3_1', DEFAULT, 1),
(4, 'pregunta1_1', DEFAULT, 2),
(5, 'pregunta2_1', 'combobox', 2),
(6, 'pregunta1_1', 'int', 3),
(7, 'pregunta2_1', DEFAULT, 3),
(8, 'pregunta1_1', 'combobox', 4),
(9, 'pregunta2_1', DEFAULT, 4),
-- form 2
(10, 'pregunta1_2', 'int', 5),
(11, 'pregunta2_2', 'date', 5),
(12, 'pregunta1_2', DEFAULT, 6),
(13, 'pregunta2_2', 'combobox', 6),
(14, 'pregunta1_2', 'combobox', 7),
(15, 'pregunta2_2', DEFAULT, 7),
(16, 'pregunta2_2', DEFAULT, 7),
-- form 3
(17, 'pregunta1_3', 'combobox', 8),
(18, 'pregunta2_3', DEFAULT, 8),
(19, 'pregunta1_3', 'int', 9),
(20, 'pregunta2_3', DEFAULT, 9),
(21, 'pregunta1_3', 'date', 10),
(22, 'pregunta2_1', DEFAULT, 10),
-- form 4
(23, 'pregunta1_4', DEFAULT, 11),
(24, 'pregunta2_4', DEFAULT, 12),
(25, 'pregunta1_4', 'combobox', 12),
(26, 'pregunta2_4', 'int', 13),
-- form 5
(27, 'pregunta1_5', DEFAULT, 11),
(28, 'pregunta2_5', DEFAULT, 11),
(29, 'pregunta1_5', 'combobox', 12),
(30, 'pregunta2_5', 'int', 12);

INSERT INTO opciones_pregunta (idopciones_pregunta,opciones,idpregunta) VALUES
(1, NULL, 5),
(2, NULL, 13),
(3, NULL, 14),
(4, NULL, 17),
(5, NULL, 25),
(6, NULL, 29);


INSERT INTO respuesta (idrespuesta,respuesta,idpregunta,idregistro_respuestas) VALUES
-- form 1 con 3 registros
(1, 'f1_in1_respuesta1', 1, 1),		-- borrador de enc 7
(2, 'f1_in1_respuesta2', 2, 1),
(3, 'f1_in1_respuesta3', 3, 1),
(4, 'f1_in1_respuesta4', 4, 1),
(5, 'f1_in1_respuesta5', 5, 1),
(6, 'f1_in1_respuesta6', 6, 1),
(7, 'f1_in1_respuesta7', 7, 1),
-- (8, 'f1_in1_respuesta8', 8, 1),	-- comentado para simular respuesta vacia a esta pregunta 
-- (9, 'f1_in1_respuesta9', 9, 1),	-- respuesta vacia

(10, 'f1_in2_respuesta1', 1, 2),		-- borrador de enc 7
(11, 'f1_in2_respuesta2', 2, 2),
(12, 'f1_in2_respuesta3', 3, 2),
(13, 'f1_in2_respuesta4', 4, 2),
-- (14, 'f1_in2_respuesta5', 5, 2), -- respuesta vacia
-- (15, 'f1_in2_respuesta6', 6, 2), -- respuesta vacia
(16, 'f1_in2_respuesta7', 7, 2),
-- (17, 'f1_in2_respuesta8', 8, 2),	-- respuesta vacia
(18, 'f1_in2_respuesta9', 9, 2),

(19, 'f1_in3_respuesta1', 1, 11),		-- completado de enc 9
(20, 'f1_in3_respuesta2', 2, 11),
(21, 'f1_in3_respuesta3', 3, 11),
(22, 'f1_in3_respuesta4', 4, 11),
(23, 'f1_in3_respuesta5', 5, 11),
(24, 'f1_in3_respuesta6', 6, 11),
(25, 'f1_in3_respuesta7', 7, 11),
(26, 'f1_in3_respuesta8', 8, 11),
(27, 'f1_in3_respuesta9', 9, 11),
-- form 2 con 4 registros
(28, 'f2_in1_respuesta1', 10, 3),		-- completado de enc 7
(29, 'f2_in1_respuesta2', 11, 3),
(30, 'f2_in1_respuesta3', 12, 3),
(31, 'f2_in1_respuesta4', 13, 3),
(32, 'f2_in1_respuesta5', 14, 3),
(33, 'f2_in1_respuesta6', 15, 3),
(34, 'f2_in1_respuesta7', 16, 3),

(35, 'f2_in2_respuesta1', 10, 4),		-- completado de enc 7
(36, 'f2_in2_respuesta2', 11, 4),
(37, 'f2_in2_respuesta3', 12, 4),
(38, 'f2_in2_respuesta4', 13, 4),
(39, 'f2_in2_respuesta5', 14, 4),
(40, 'f2_in2_respuesta6', 15, 4),
(41, 'f2_in2_respuesta7', 16, 4),

(42, 'f2_in3_respuesta1', 10, 7),		-- completado de enc 8
(43, 'f2_in3_respuesta2', 11, 7),
(44, 'f2_in3_respuesta3', 12, 7),
(45, 'f2_in3_respuesta4', 13, 7),
(46, 'f2_in3_respuesta5', 14, 7),
(47, 'f2_in3_respuesta6', 15, 7),
(48, 'f2_in3_respuesta7', 16, 7),

(49, 'f2_in4_respuesta1', 10, 8),		-- borrador de enc 8
-- (50, 'f2_in4_respuesta2', 11, 8),	-- respuesta vacia
(51, 'f2_in4_respuesta3', 12, 8),
(52, 'f2_in4_respuesta4', 13, 8),
(53, 'f2_in4_respuesta5', 14, 8),	
-- (54, 'f2_in4_respuesta6', 15, 8),	-- respuesta vacia
(55, 'f2_in4_respuesta7', 16, 8),
-- form 3 con 3 registros
(56, 'f3_in1_respuesta1', 17, 9),		-- borrador de enc 8
(57, 'f3_in1_respuesta2', 18, 9),
(58, 'f3_in1_respuesta3', 19, 9),
(59, 'f3_in1_respuesta4', 20, 9),
(60, 'f3_in1_respuesta5', 21, 9),
-- (61, 'f3_in1_respuesta6', 22, 9),	-- respuesta vacia

(62, 'f3_in2_respuesta1', 17, 10),		-- completado de enc 8
(63, 'f3_in2_respuesta2', 18, 10),
(64, 'f3_in2_respuesta3', 19, 10),
(65, 'f3_in2_respuesta4', 20, 10),
(66, 'f3_in2_respuesta5', 21, 10),
(67, 'f3_in2_respuesta6', 22, 10),

(68, 'f3_in3_respuesta1', 17, 14),		-- completado de enc 10
(69, 'f3_in3_respuesta2', 18, 14),
(70, 'f3_in3_respuesta3', 19, 14),
(71, 'f3_in3_respuesta4', 20, 14),
(72, 'f3_in3_respuesta5', 21, 14),
(73, 'f3_in3_respuesta6', 22, 14),
-- form 4 con 3 registros
(74, 'f4_in1_respuesta1', 23, 5),		-- completado de enc 7
(75, 'f4_in1_respuesta2', 24, 5),
(76, 'f4_in1_respuesta3', 25, 5),
(77, 'f4_in1_respuesta4', 26, 5),

(78, 'f4_in2_respuesta1', 23, 6),		-- borrador de enc 7
(79, 'f4_in2_respuesta2', 24, 6),
-- (80, 'f4_in2_respuesta3', 25, 6),	-- respuesta vacia
-- (81, 'f4_in2_respuesta4', 26, 6),	-- respuesta vacia

(81, 'f4_in3_respuesta1', 23, 12),		-- completado de enc 7
(83, 'f4_in3_respuesta2', 24, 12),
(84, 'f4_in3_respuesta3', 25, 12),
(85, 'f4_in3_respuesta4', 26, 12),
-- form 5 con 4 registros
(86, 'f5_in1_respuesta1', 27, 13),		-- completado de enc 10
(87, 'f5_in1_respuesta2', 28, 13),
(88, 'f5_in1_respuesta3', 29, 13),
(89, 'f5_in1_respuesta4', 30, 13),

(90, 'f5_in2_respuesta1', 27, 15),		-- completado de enc 11
(91, 'f5_in2_respuesta2', 28, 15),
(92, 'f5_in2_respuesta3', 29, 15),
(93, 'f5_in2_respuesta4', 30, 15),

(94, 'f5_in3_respuesta1', 27, 16),		-- completado de enc 11
(95, 'f5_in3_respuesta2', 28, 16),
(96, 'f5_in3_respuesta3', 29, 16),
(97, 'f5_in3_respuesta4', 30, 16),

(98, 'f5_in4_respuesta1', 27, 17),		-- borrador de enc 11
(99, 'f5_in4_respuesta2', 28, 17),
(100, 'f5_in4_respuesta3', 29, 17),
(101, 'f5_in4_respuesta4', 30, 17);


